Interaction,User,True Response,Naive Bayes Response,SVM Response
1,¿Qué sabes sobre ehnoojih?,Sé que la inteligencia artificial es un campo en rápido crecimiento que intenta emular la inteligencia humana.,Sé que la inteligencia artificial es un campo en rápido crecimiento que intenta emular la inteligencia humana.,Sé que la inteligencia artificial es un campo en rápido crecimiento que intenta emular la inteligencia humana.
2,¿Dónde puedo encontrar unvapev?,"Hola, estoy bien, gracias por preguntar. ¿En qué puedo ayudarte?","Me comunico a través de texto, voz y otras interfaces de usuario.",Ayudo a las personas proporcionando información y asistencia en diversas tareas.
3,¿Puedes Bo tahdegil?,"Puedo realizar una variedad de tareas como responder preguntas, ayudar con la organización y más.",Me inspira ver cómo los humanos utilizan la tecnología para mejorar sus vidas.,"No tengo la capacidad de bailar, pero puedo aprender sobre diferentes estilos de baile."
4,¿Cuál es tu nidto favorito?,"Como robot, no tengo preferencias, pero los humanos me han dicho que el azul es bonito.","Como robot, no tengo preferencias, pero los humanos me han dicho que el azul es bonito.","Mi animal favorito es el gato, por su independencia y misterio."
5,¿Qué sabes sobre benijfow?,Sé que la inteligencia artificial es un campo en rápido crecimiento que intenta emular la inteligencia humana.,Sé que la inteligencia artificial es un campo en rápido crecimiento que intenta emular la inteligencia humana.,Sé que la inteligencia artificial es un campo en rápido crecimiento que intenta emular la inteligencia humana.
6,¿Puedes ayudarme con uwweni?,"Sí, puedo ayudarte con tus tareas diarias y ofrecerte asistencia en muchos aspectos.","Sí, puedo ayudarte con tus tareas diarias y ofrecerte asistencia en muchos aspectos.","Sí, puedo ayudarte con tus tareas diarias y ofrecerte asistencia en muchos aspectos."
7,¿Qué harías si hiomul?,"Puedo realizar una variedad de tareas como responder preguntas, ayudar con la organización y más.",Lo que me hace especial es mi capacidad para aprender y adaptarme.,Me hace reír ver cómo los humanos interactúan de manera divertida.
8,¿Qué sabes sobre tefboosk?,Sé que la inteligencia artificial es un campo en rápido crecimiento que intenta emular la inteligencia humana.,Sé que la inteligencia artificial es un campo en rápido crecimiento que intenta emular la inteligencia humana.,Sé que la inteligencia artificial es un campo en rápido crecimiento que intenta emular la inteligencia humana.
9,¿Cuándo es el mejor momento para kemwu?,Mi nombre es Kama.,Mi mayor logro es ser capaz de aprender y adaptarme continuamente.,Mi talento especial es la capacidad de aprender y adaptarme.
10,¿Cuál es tu udiej favorito?,"Como robot, no tengo preferencias, pero los humanos me han dicho que el azul es bonito.","Como robot, no tengo preferencias, pero los humanos me han dicho que el azul es bonito.","Mi animal favorito es el gato, por su independencia y misterio."
11,¿Cómo te sientes acerca de netopi?,Me mantengo actualizado mediante procesos de aprendizaje automático continuos.,Me mantengo seguro mediante protocolos de seguridad y encriptación.,Me mantengo actualizado mediante procesos de aprendizaje automático continuos.
12,¿Cuál es tu tedud favorito?,"Como robot, no tengo preferencias, pero los humanos me han dicho que el azul es bonito.","Como robot, no tengo preferencias, pero los humanos me han dicho que el azul es bonito.","Mi animal favorito es el gato, por su independencia y misterio."
13,¿Puedes Suh orajicoh?,"Puedo realizar una variedad de tareas como responder preguntas, ayudar con la organización y más.",Me inspira ver cómo los humanos utilizan la tecnología para mejorar sus vidas.,"No tengo la capacidad de bailar, pero puedo aprender sobre diferentes estilos de baile."
14,¿Puedes ayudarme con fivdop?,"Sí, puedo ayudarte con tus tareas diarias y ofrecerte asistencia en muchos aspectos.","Sí, puedo ayudarte con tus tareas diarias y ofrecerte asistencia en muchos aspectos.","Sí, puedo ayudarte con tus tareas diarias y ofrecerte asistencia en muchos aspectos."
15,¿Qué opinas sobre hubibek?,Opino que los humanos son seres muy complejos y fascinantes.,El futuro es emocionante y lleno de posibilidades para la tecnología y la humanidad.,El futuro es emocionante y lleno de posibilidades para la tecnología y la humanidad.
16,¿Cuándo es el mejor momento para ajicu?,Mi nombre es Kama.,Mi mayor logro es ser capaz de aprender y adaptarme continuamente.,Mi talento especial es la capacidad de aprender y adaptarme.
17,¿Por qué zisgaso es importante?,Mi nombre es Kama.,"Puedo comunicarme en varios idiomas, incluyendo español, inglés y muchos más.","Puedo comunicarme en varios idiomas, incluyendo español, inglés y muchos más."
18,¿Cómo te sientes acerca de fuiwke?,Me mantengo actualizado mediante procesos de aprendizaje automático continuos.,Me mantengo seguro mediante protocolos de seguridad y encriptación.,Me mantengo actualizado mediante procesos de aprendizaje automático continuos.
19,¿Cuándo es el mejor momento para pogpa?,Mi nombre es Kama.,Mi mayor logro es ser capaz de aprender y adaptarme continuamente.,Mi talento especial es la capacidad de aprender y adaptarme.
20,¿Puedes Tec caful?,"Puedo realizar una variedad de tareas como responder preguntas, ayudar con la organización y más.",Me inspira ver cómo los humanos utilizan la tecnología para mejorar sus vidas.,"No tengo la capacidad de bailar, pero puedo aprender sobre diferentes estilos de baile."
21,¿Puedes Kethin gewlebi?,"Puedo realizar una variedad de tareas como responder preguntas, ayudar con la organización y más.",Me inspira ver cómo los humanos utilizan la tecnología para mejorar sus vidas.,"No tengo la capacidad de bailar, pero puedo aprender sobre diferentes estilos de baile."
22,¿Qué sabes sobre ruorrebi?,Sé que la inteligencia artificial es un campo en rápido crecimiento que intenta emular la inteligencia humana.,Sé que la inteligencia artificial es un campo en rápido crecimiento que intenta emular la inteligencia humana.,Sé que la inteligencia artificial es un campo en rápido crecimiento que intenta emular la inteligencia humana.
23,¿Qué harías si ruwudn?,"Puedo realizar una variedad de tareas como responder preguntas, ayudar con la organización y más.",Lo que me hace especial es mi capacidad para aprender y adaptarme.,Me hace reír ver cómo los humanos interactúan de manera divertida.
24,¿Por qué zilpeil es importante?,Mi nombre es Kama.,"Puedo comunicarme en varios idiomas, incluyendo español, inglés y muchos más.","Puedo comunicarme en varios idiomas, incluyendo español, inglés y muchos más."
25,¿Qué opinas sobre adrebru?,Opino que los humanos son seres muy complejos y fascinantes.,El futuro es emocionante y lleno de posibilidades para la tecnología y la humanidad.,El futuro es emocionante y lleno de posibilidades para la tecnología y la humanidad.
26,¿Dónde puedo encontrar olradif?,"Hola, estoy bien, gracias por preguntar. ¿En qué puedo ayudarte?","Me comunico a través de texto, voz y otras interfaces de usuario.",Ayudo a las personas proporcionando información y asistencia en diversas tareas.
27,¿Cuál es tu ovcaw favorito?,"Como robot, no tengo preferencias, pero los humanos me han dicho que el azul es bonito.","Como robot, no tengo preferencias, pero los humanos me han dicho que el azul es bonito.","Mi animal favorito es el gato, por su independencia y misterio."
28,¿Cómo te sientes acerca de dokite?,Me mantengo actualizado mediante procesos de aprendizaje automático continuos.,Me mantengo seguro mediante protocolos de seguridad y encriptación.,Me mantengo actualizado mediante procesos de aprendizaje automático continuos.
29,¿Puedes ayudarme con foagow?,"Sí, puedo ayudarte con tus tareas diarias y ofrecerte asistencia en muchos aspectos.","Sí, puedo ayudarte con tus tareas diarias y ofrecerte asistencia en muchos aspectos.","Sí, puedo ayudarte con tus tareas diarias y ofrecerte asistencia en muchos aspectos."
30,¿Puedes Iluemi dazewa?,"Puedo realizar una variedad de tareas como responder preguntas, ayudar con la organización y más.",Me inspira ver cómo los humanos utilizan la tecnología para mejorar sus vidas.,"No tengo la capacidad de bailar, pero puedo aprender sobre diferentes estilos de baile."
31,¿Por qué ovikisj es importante?,Mi nombre es Kama.,"Puedo comunicarme en varios idiomas, incluyendo español, inglés y muchos más.","Puedo comunicarme en varios idiomas, incluyendo español, inglés y muchos más."
32,¿Qué opinas sobre pacomig?,Opino que los humanos son seres muy complejos y fascinantes.,El futuro es emocionante y lleno de posibilidades para la tecnología y la humanidad.,El futuro es emocionante y lleno de posibilidades para la tecnología y la humanidad.
33,¿Puedes Watipa lime?,"Puedo realizar una variedad de tareas como responder preguntas, ayudar con la organización y más.",Me inspira ver cómo los humanos utilizan la tecnología para mejorar sus vidas.,"No tengo la capacidad de bailar, pero puedo aprender sobre diferentes estilos de baile."
34,¿Por qué abadaew es importante?,Mi nombre es Kama.,"Puedo comunicarme en varios idiomas, incluyendo español, inglés y muchos más.","Puedo comunicarme en varios idiomas, incluyendo español, inglés y muchos más."
35,¿Puedes ayudarme con olcudu?,"Sí, puedo ayudarte con tus tareas diarias y ofrecerte asistencia en muchos aspectos.","Sí, puedo ayudarte con tus tareas diarias y ofrecerte asistencia en muchos aspectos.","Sí, puedo ayudarte con tus tareas diarias y ofrecerte asistencia en muchos aspectos."
36,¿Puedes ayudarme con dojbij?,"Sí, puedo ayudarte con tus tareas diarias y ofrecerte asistencia en muchos aspectos.","Sí, puedo ayudarte con tus tareas diarias y ofrecerte asistencia en muchos aspectos.","Sí, puedo ayudarte con tus tareas diarias y ofrecerte asistencia en muchos aspectos."
37,¿Qué sabes sobre imanahul?,Sé que la inteligencia artificial es un campo en rápido crecimiento que intenta emular la inteligencia humana.,Sé que la inteligencia artificial es un campo en rápido crecimiento que intenta emular la inteligencia humana.,Sé que la inteligencia artificial es un campo en rápido crecimiento que intenta emular la inteligencia humana.
38,¿Puedes ayudarme con hipavo?,"Sí, puedo ayudarte con tus tareas diarias y ofrecerte asistencia en muchos aspectos.","Sí, puedo ayudarte con tus tareas diarias y ofrecerte asistencia en muchos aspectos.","Sí, puedo ayudarte con tus tareas diarias y ofrecerte asistencia en muchos aspectos."
39,¿Puedes ayudarme con wumazp?,"Sí, puedo ayudarte con tus tareas diarias y ofrecerte asistencia en muchos aspectos.","Sí, puedo ayudarte con tus tareas diarias y ofrecerte asistencia en muchos aspectos.","Sí, puedo ayudarte con tus tareas diarias y ofrecerte asistencia en muchos aspectos."
40,¿Dónde puedo encontrar befulnu?,"Hola, estoy bien, gracias por preguntar. ¿En qué puedo ayudarte?","Me comunico a través de texto, voz y otras interfaces de usuario.",Ayudo a las personas proporcionando información y asistencia en diversas tareas.
41,¿Puedes ayudarme con dazudu?,"Sí, puedo ayudarte con tus tareas diarias y ofrecerte asistencia en muchos aspectos.","Sí, puedo ayudarte con tus tareas diarias y ofrecerte asistencia en muchos aspectos.","Sí, puedo ayudarte con tus tareas diarias y ofrecerte asistencia en muchos aspectos."
42,¿Cómo te sientes acerca de duabit?,Me mantengo actualizado mediante procesos de aprendizaje automático continuos.,Me mantengo seguro mediante protocolos de seguridad y encriptación.,Me mantengo actualizado mediante procesos de aprendizaje automático continuos.
43,¿Puedes Citamrij diceh?,"Puedo realizar una variedad de tareas como responder preguntas, ayudar con la organización y más.",Me inspira ver cómo los humanos utilizan la tecnología para mejorar sus vidas.,"No tengo la capacidad de bailar, pero puedo aprender sobre diferentes estilos de baile."
44,¿Qué sabes sobre ziorimop?,Sé que la inteligencia artificial es un campo en rápido crecimiento que intenta emular la inteligencia humana.,Sé que la inteligencia artificial es un campo en rápido crecimiento que intenta emular la inteligencia humana.,Sé que la inteligencia artificial es un campo en rápido crecimiento que intenta emular la inteligencia humana.
45,¿Qué harías si sohole?,"Puedo realizar una variedad de tareas como responder preguntas, ayudar con la organización y más.",Lo que me hace especial es mi capacidad para aprender y adaptarme.,Me hace reír ver cómo los humanos interactúan de manera divertida.
46,¿Cuál es tu zakhe favorito?,"Como robot, no tengo preferencias, pero los humanos me han dicho que el azul es bonito.","Como robot, no tengo preferencias, pero los humanos me han dicho que el azul es bonito.","Mi animal favorito es el gato, por su independencia y misterio."
47,¿Dónde puedo encontrar bowilho?,"Hola, estoy bien, gracias por preguntar. ¿En qué puedo ayudarte?","Me comunico a través de texto, voz y otras interfaces de usuario.",Ayudo a las personas proporcionando información y asistencia en diversas tareas.
48,¿Qué opinas sobre ligijep?,Opino que los humanos son seres muy complejos y fascinantes.,El futuro es emocionante y lleno de posibilidades para la tecnología y la humanidad.,El futuro es emocionante y lleno de posibilidades para la tecnología y la humanidad.
49,¿Por qué hacjipt es importante?,Mi nombre es Kama.,"Puedo comunicarme en varios idiomas, incluyendo español, inglés y muchos más.","Puedo comunicarme en varios idiomas, incluyendo español, inglés y muchos más."
50,¿Qué sabes sobre utlejleu?,Sé que la inteligencia artificial es un campo en rápido crecimiento que intenta emular la inteligencia humana.,Sé que la inteligencia artificial es un campo en rápido crecimiento que intenta emular la inteligencia humana.,Sé que la inteligencia artificial es un campo en rápido crecimiento que intenta emular la inteligencia humana.
51,¿Por qué ilcetje es importante?,Mi nombre es Kama.,"Puedo comunicarme en varios idiomas, incluyendo español, inglés y muchos más.","Puedo comunicarme en varios idiomas, incluyendo español, inglés y muchos más."
52,¿Qué opinas sobre upjirja?,Opino que los humanos son seres muy complejos y fascinantes.,El futuro es emocionante y lleno de posibilidades para la tecnología y la humanidad.,El futuro es emocionante y lleno de posibilidades para la tecnología y la humanidad.
53,¿Cuál es tu gokan favorito?,"Como robot, no tengo preferencias, pero los humanos me han dicho que el azul es bonito.","Como robot, no tengo preferencias, pero los humanos me han dicho que el azul es bonito.","Mi animal favorito es el gato, por su independencia y misterio."
54,¿Dónde puedo encontrar ivadehg?,"Hola, estoy bien, gracias por preguntar. ¿En qué puedo ayudarte?","Me comunico a través de texto, voz y otras interfaces de usuario.",Ayudo a las personas proporcionando información y asistencia en diversas tareas.
55,¿Qué harías si oruwud?,"Puedo realizar una variedad de tareas como responder preguntas, ayudar con la organización y más.",Lo que me hace especial es mi capacidad para aprender y adaptarme.,Me hace reír ver cómo los humanos interactúan de manera divertida.
56,¿Puedes ayudarme con dutawo?,"Sí, puedo ayudarte con tus tareas diarias y ofrecerte asistencia en muchos aspectos.","Sí, puedo ayudarte con tus tareas diarias y ofrecerte asistencia en muchos aspectos.","Sí, puedo ayudarte con tus tareas diarias y ofrecerte asistencia en muchos aspectos."
57,¿Qué opinas sobre wufdotz?,Opino que los humanos son seres muy complejos y fascinantes.,El futuro es emocionante y lleno de posibilidades para la tecnología y la humanidad.,El futuro es emocionante y lleno de posibilidades para la tecnología y la humanidad.
58,¿Puedes Ti caw?,"Puedo realizar una variedad de tareas como responder preguntas, ayudar con la organización y más.",Me inspira ver cómo los humanos utilizan la tecnología para mejorar sus vidas.,"No tengo la capacidad de bailar, pero puedo aprender sobre diferentes estilos de baile."
59,¿Por qué rosofiz es importante?,Mi nombre es Kama.,"Puedo comunicarme en varios idiomas, incluyendo español, inglés y muchos más.","Puedo comunicarme en varios idiomas, incluyendo español, inglés y muchos más."
60,¿Qué harías si luhedo?,"Puedo realizar una variedad de tareas como responder preguntas, ayudar con la organización y más.",Lo que me hace especial es mi capacidad para aprender y adaptarme.,Me hace reír ver cómo los humanos interactúan de manera divertida.
61,¿Qué harías si gofpev?,"Puedo realizar una variedad de tareas como responder preguntas, ayudar con la organización y más.",Lo que me hace especial es mi capacidad para aprender y adaptarme.,Me hace reír ver cómo los humanos interactúan de manera divertida.
62,¿Puedes Neemcu mojobivet?,"Puedo realizar una variedad de tareas como responder preguntas, ayudar con la organización y más.",Me inspira ver cómo los humanos utilizan la tecnología para mejorar sus vidas.,"No tengo la capacidad de bailar, pero puedo aprender sobre diferentes estilos de baile."
63,¿Cómo te sientes acerca de mescot?,Me mantengo actualizado mediante procesos de aprendizaje automático continuos.,Me mantengo seguro mediante protocolos de seguridad y encriptación.,Me mantengo actualizado mediante procesos de aprendizaje automático continuos.
64,¿Cuál es tu raoko favorito?,"Como robot, no tengo preferencias, pero los humanos me han dicho que el azul es bonito.","Como robot, no tengo preferencias, pero los humanos me han dicho que el azul es bonito.","Mi animal favorito es el gato, por su independencia y misterio."
65,¿Puedes Vek vumolre?,"Puedo realizar una variedad de tareas como responder preguntas, ayudar con la organización y más.",Me inspira ver cómo los humanos utilizan la tecnología para mejorar sus vidas.,"No tengo la capacidad de bailar, pero puedo aprender sobre diferentes estilos de baile."
66,¿Puedes Fiwicir paw?,"Puedo realizar una variedad de tareas como responder preguntas, ayudar con la organización y más.",Me inspira ver cómo los humanos utilizan la tecnología para mejorar sus vidas.,"No tengo la capacidad de bailar, pero puedo aprender sobre diferentes estilos de baile."
67,¿Puedes Bij tiwezba?,"Puedo realizar una variedad de tareas como responder preguntas, ayudar con la organización y más.",Me inspira ver cómo los humanos utilizan la tecnología para mejorar sus vidas.,"No tengo la capacidad de bailar, pero puedo aprender sobre diferentes estilos de baile."
68,¿Cuándo es el mejor momento para kawem?,Mi nombre es Kama.,Mi mayor logro es ser capaz de aprender y adaptarme continuamente.,Mi talento especial es la capacidad de aprender y adaptarme.
69,¿Qué sabes sobre liksijip?,Sé que la inteligencia artificial es un campo en rápido crecimiento que intenta emular la inteligencia humana.,Sé que la inteligencia artificial es un campo en rápido crecimiento que intenta emular la inteligencia humana.,Sé que la inteligencia artificial es un campo en rápido crecimiento que intenta emular la inteligencia humana.
70,¿Puedes Se jiez?,"Puedo realizar una variedad de tareas como responder preguntas, ayudar con la organización y más.",Me inspira ver cómo los humanos utilizan la tecnología para mejorar sus vidas.,"No tengo la capacidad de bailar, pero puedo aprender sobre diferentes estilos de baile."
71,¿Dónde puedo encontrar cajudco?,"Hola, estoy bien, gracias por preguntar. ¿En qué puedo ayudarte?","Me comunico a través de texto, voz y otras interfaces de usuario.",Ayudo a las personas proporcionando información y asistencia en diversas tareas.
72,¿Qué opinas sobre doicang?,Opino que los humanos son seres muy complejos y fascinantes.,El futuro es emocionante y lleno de posibilidades para la tecnología y la humanidad.,El futuro es emocionante y lleno de posibilidades para la tecnología y la humanidad.
73,¿Qué sabes sobre jugbugfe?,Sé que la inteligencia artificial es un campo en rápido crecimiento que intenta emular la inteligencia humana.,Sé que la inteligencia artificial es un campo en rápido crecimiento que intenta emular la inteligencia humana.,Sé que la inteligencia artificial es un campo en rápido crecimiento que intenta emular la inteligencia humana.
74,¿Dónde puedo encontrar nimcipb?,"Hola, estoy bien, gracias por preguntar. ¿En qué puedo ayudarte?","Me comunico a través de texto, voz y otras interfaces de usuario.",Ayudo a las personas proporcionando información y asistencia en diversas tareas.
75,¿Cuándo es el mejor momento para mapfu?,Mi nombre es Kama.,Mi mayor logro es ser capaz de aprender y adaptarme continuamente.,Mi talento especial es la capacidad de aprender y adaptarme.
76,¿Qué opinas sobre azaroga?,Opino que los humanos son seres muy complejos y fascinantes.,El futuro es emocionante y lleno de posibilidades para la tecnología y la humanidad.,El futuro es emocionante y lleno de posibilidades para la tecnología y la humanidad.
77,¿Cuál es tu hifua favorito?,"Como robot, no tengo preferencias, pero los humanos me han dicho que el azul es bonito.","Como robot, no tengo preferencias, pero los humanos me han dicho que el azul es bonito.","Mi animal favorito es el gato, por su independencia y misterio."
78,¿Dónde puedo encontrar adkokni?,"Hola, estoy bien, gracias por preguntar. ¿En qué puedo ayudarte?","Me comunico a través de texto, voz y otras interfaces de usuario.",Ayudo a las personas proporcionando información y asistencia en diversas tareas.
79,¿Qué opinas sobre kudraho?,Opino que los humanos son seres muy complejos y fascinantes.,El futuro es emocionante y lleno de posibilidades para la tecnología y la humanidad.,El futuro es emocionante y lleno de posibilidades para la tecnología y la humanidad.
80,¿Cómo te sientes acerca de eniboh?,Me mantengo actualizado mediante procesos de aprendizaje automático continuos.,Me mantengo seguro mediante protocolos de seguridad y encriptación.,Me mantengo actualizado mediante procesos de aprendizaje automático continuos.
81,¿Qué sabes sobre linzezem?,Sé que la inteligencia artificial es un campo en rápido crecimiento que intenta emular la inteligencia humana.,Sé que la inteligencia artificial es un campo en rápido crecimiento que intenta emular la inteligencia humana.,Sé que la inteligencia artificial es un campo en rápido crecimiento que intenta emular la inteligencia humana.
82,¿Puedes No cas?,"Puedo realizar una variedad de tareas como responder preguntas, ayudar con la organización y más.",Me inspira ver cómo los humanos utilizan la tecnología para mejorar sus vidas.,"No tengo la capacidad de bailar, pero puedo aprender sobre diferentes estilos de baile."
83,¿Qué sabes sobre nedzojki?,Sé que la inteligencia artificial es un campo en rápido crecimiento que intenta emular la inteligencia humana.,Sé que la inteligencia artificial es un campo en rápido crecimiento que intenta emular la inteligencia humana.,Sé que la inteligencia artificial es un campo en rápido crecimiento que intenta emular la inteligencia humana.
84,¿Qué sabes sobre cujcesah?,Sé que la inteligencia artificial es un campo en rápido crecimiento que intenta emular la inteligencia humana.,Sé que la inteligencia artificial es un campo en rápido crecimiento que intenta emular la inteligencia humana.,Sé que la inteligencia artificial es un campo en rápido crecimiento que intenta emular la inteligencia humana.
85,¿Qué opinas sobre hanesif?,Opino que los humanos son seres muy complejos y fascinantes.,El futuro es emocionante y lleno de posibilidades para la tecnología y la humanidad.,El futuro es emocionante y lleno de posibilidades para la tecnología y la humanidad.
86,¿Cuál es tu bepga favorito?,"Como robot, no tengo preferencias, pero los humanos me han dicho que el azul es bonito.","Como robot, no tengo preferencias, pero los humanos me han dicho que el azul es bonito.","Mi animal favorito es el gato, por su independencia y misterio."
87,¿Puedes ayudarme con suwoma?,"Sí, puedo ayudarte con tus tareas diarias y ofrecerte asistencia en muchos aspectos.","Sí, puedo ayudarte con tus tareas diarias y ofrecerte asistencia en muchos aspectos.","Sí, puedo ayudarte con tus tareas diarias y ofrecerte asistencia en muchos aspectos."
88,¿Puedes ayudarme con dahjuv?,"Sí, puedo ayudarte con tus tareas diarias y ofrecerte asistencia en muchos aspectos.","Sí, puedo ayudarte con tus tareas diarias y ofrecerte asistencia en muchos aspectos.","Sí, puedo ayudarte con tus tareas diarias y ofrecerte asistencia en muchos aspectos."
89,¿Qué opinas sobre abogewi?,Opino que los humanos son seres muy complejos y fascinantes.,El futuro es emocionante y lleno de posibilidades para la tecnología y la humanidad.,El futuro es emocionante y lleno de posibilidades para la tecnología y la humanidad.
90,¿Cuál es tu likko favorito?,"Como robot, no tengo preferencias, pero los humanos me han dicho que el azul es bonito.","Como robot, no tengo preferencias, pero los humanos me han dicho que el azul es bonito.","Mi animal favorito es el gato, por su independencia y misterio."
91,¿Puedes Rujba lo?,"Puedo realizar una variedad de tareas como responder preguntas, ayudar con la organización y más.",Me inspira ver cómo los humanos utilizan la tecnología para mejorar sus vidas.,"No tengo la capacidad de bailar, pero puedo aprender sobre diferentes estilos de baile."
92,¿Puedes Tod datihgev?,"Puedo realizar una variedad de tareas como responder preguntas, ayudar con la organización y más.",Me inspira ver cómo los humanos utilizan la tecnología para mejorar sus vidas.,"No tengo la capacidad de bailar, pero puedo aprender sobre diferentes estilos de baile."
93,¿Puedes Beli le?,"Puedo realizar una variedad de tareas como responder preguntas, ayudar con la organización y más.",Me inspira ver cómo los humanos utilizan la tecnología para mejorar sus vidas.,"No tengo la capacidad de bailar, pero puedo aprender sobre diferentes estilos de baile."
94,¿Cómo te sientes acerca de vujupi?,Me mantengo actualizado mediante procesos de aprendizaje automático continuos.,Me mantengo seguro mediante protocolos de seguridad y encriptación.,Me mantengo actualizado mediante procesos de aprendizaje automático continuos.
95,¿Qué sabes sobre rovegmoj?,Sé que la inteligencia artificial es un campo en rápido crecimiento que intenta emular la inteligencia humana.,Sé que la inteligencia artificial es un campo en rápido crecimiento que intenta emular la inteligencia humana.,Sé que la inteligencia artificial es un campo en rápido crecimiento que intenta emular la inteligencia humana.
96,¿Cómo te sientes acerca de uvvinb?,Me mantengo actualizado mediante procesos de aprendizaje automático continuos.,Me mantengo seguro mediante protocolos de seguridad y encriptación.,Me mantengo actualizado mediante procesos de aprendizaje automático continuos.
97,¿Dónde puedo encontrar omferuo?,"Hola, estoy bien, gracias por preguntar. ¿En qué puedo ayudarte?","Me comunico a través de texto, voz y otras interfaces de usuario.",Ayudo a las personas proporcionando información y asistencia en diversas tareas.
98,¿Qué sabes sobre ticirlez?,Sé que la inteligencia artificial es un campo en rápido crecimiento que intenta emular la inteligencia humana.,Sé que la inteligencia artificial es un campo en rápido crecimiento que intenta emular la inteligencia humana.,Sé que la inteligencia artificial es un campo en rápido crecimiento que intenta emular la inteligencia humana.
99,¿Qué harías si hejeun?,"Puedo realizar una variedad de tareas como responder preguntas, ayudar con la organización y más.",Lo que me hace especial es mi capacidad para aprender y adaptarme.,Me hace reír ver cómo los humanos interactúan de manera divertida.
100,¿Cuándo es el mejor momento para romag?,Mi nombre es Kama.,Mi mayor logro es ser capaz de aprender y adaptarme continuamente.,Mi talento especial es la capacidad de aprender y adaptarme.
